{"predict_train": 654894270.1870329, "predict_val": 509444016.207436, "predict_test": 642445591.667894}